id,timestamp,service,severity,error_code,message,cause,resolution,occurrence_count,tags
1,2025-12-03T00:00:36.488432,order,INFO,ERR_6227,Service returned 500,timeout,apply patch,230,"timeout,retry"
2,2025-12-02T20:58:36.488432,postgres,CRITICAL,ERR_3037,Service returned 500,bad deployment,contact infra,264,"config,db"
3,2025-11-30T09:27:36.488432,redis,INFO,ERR_4772,Unhandled exception in worker,schema mismatch,increase resources,56,"timeout,config"
4,2025-11-13T17:55:36.488432,mongo,CRITICAL,ERR_6130,Service returned 500,schema mismatch,fix code,498,"network,retry"
5,2025-11-28T10:16:36.488432,api-gateway,WARNING,ERR_6094,Database connection refused,insufficient resources,restart service,31,"timeout,network"
6,2025-11-12T01:40:36.488432,payment,INFO,ERR_4289,Database connection refused,network issue,restart service,181,"timeout,retry"
7,2025-11-28T09:40:36.488432,order,ERROR,ERR_1168,Service returned 500,schema mismatch,contact infra,195,"retry,network"
8,2025-12-01T03:27:36.488432,search,INFO,ERR_8455,Out of memory error,network issue,contact infra,16,"config,network"
9,2025-11-07T19:35:36.488432,payment,WARNING,ERR_3938,Null pointer dereference,timeout,apply patch,469,"retry,network"
10,2025-11-08T08:45:36.488432,postgres,ERROR,ERR_2278,Timeout calling downstream service,invalid credentials,apply patch,455,"config,retry"
11,2025-11-18T18:59:36.488432,payment,WARNING,ERR_2542,Service returned 500,bad deployment,fix code,58,"db,network"
12,2025-11-23T01:34:36.488432,user,ERROR,ERR_1279,Service returned 500,insufficient resources,apply patch,32,"db,network"
13,2025-11-28T12:28:36.488432,payment,CRITICAL,ERR_3604,Permission denied accessing resource,insufficient resources,contact infra,74,"network,config"
14,2025-11-24T02:54:36.488432,order,CRITICAL,ERR_9854,Database connection refused,schema mismatch,apply patch,175,"config,db"
15,2025-11-25T07:37:36.488432,search,ERROR,ERR_9462,Out of memory error,bad deployment,fix code,122,"db,retry"
16,2025-11-13T10:58:36.488432,mongo,CRITICAL,ERR_7653,Permission denied accessing resource,insufficient resources,contact infra,241,"db,timeout"
17,2025-11-25T09:47:36.488432,order,CRITICAL,ERR_5998,Database connection refused,timeout,rollback,184,"config,timeout"
18,2025-11-07T04:51:36.488432,postgres,CRITICAL,ERR_6214,Out of memory error,network issue,rollback,375,"config,timeout"
19,2025-11-12T06:07:36.488432,order,WARNING,ERR_1600,Database connection refused,bad deployment,fix code,467,"retry,network"
20,2025-11-15T21:11:36.488432,scheduler,CRITICAL,ERR_8165,Timeout calling downstream service,schema mismatch,rollback,305,"config,db"
21,2025-11-09T03:07:36.488432,mongo,WARNING,ERR_6431,Service returned 500,invalid credentials,apply patch,471,"timeout,retry"
22,2025-11-18T02:50:36.488432,worker,CRITICAL,ERR_6625,Out of memory error,bad deployment,fix code,235,"retry,db"
23,2025-11-12T07:19:36.488432,order,CRITICAL,ERR_1591,Database connection refused,schema mismatch,rollback,452,"db,timeout"
24,2025-11-05T22:56:36.488432,auth-service,ERROR,ERR_3989,Unhandled exception in worker,schema mismatch,rollback,399,"network,db"
25,2025-11-17T23:37:36.488432,inventory,WARNING,ERR_3159,Unhandled exception in worker,bad deployment,fix code,334,"timeout,db"
26,2025-11-13T22:51:36.488432,order,CRITICAL,ERR_3653,Service returned 500,bad deployment,increase resources,388,"network,config"
27,2025-11-26T19:23:36.488432,user,ERROR,ERR_4756,Database connection refused,timeout,restart service,464,"timeout,network"
28,2025-11-26T12:18:36.488432,inventory,WARNING,ERR_4740,Database connection refused,bad deployment,apply patch,167,"timeout,retry"
29,2025-11-12T07:55:36.488432,payment,CRITICAL,ERR_1908,Unhandled exception in worker,network issue,apply patch,290,"db,timeout"
30,2025-11-11T17:11:36.488432,inventory,WARNING,ERR_6899,Null pointer dereference,invalid credentials,restart service,307,"db,config"
31,2025-11-10T13:07:36.488432,search,CRITICAL,ERR_1965,Service returned 500,bad deployment,rollback,50,"db,retry"
32,2025-11-16T13:59:36.488432,auth-service,ERROR,ERR_6279,Timeout calling downstream service,bad deployment,contact infra,77,"network,config"
33,2025-11-21T07:11:36.488432,search,INFO,ERR_6398,Permission denied accessing resource,timeout,restart service,222,"network,db"
34,2025-11-26T15:49:36.488432,order,WARNING,ERR_5591,Timeout calling downstream service,invalid credentials,fix code,327,"network,retry"
35,2025-11-19T15:51:36.488432,user,INFO,ERR_4750,Service returned 500,timeout,contact infra,254,"config,db"
36,2025-11-08T23:27:36.488432,postgres,ERROR,ERR_2021,Timeout calling downstream service,invalid credentials,rollback,168,"config,timeout"
37,2025-11-30T23:11:36.488432,worker,WARNING,ERR_2165,Out of memory error,schema mismatch,apply patch,167,"network,db"
38,2025-11-09T10:16:36.488432,auth-service,INFO,ERR_4727,Permission denied accessing resource,schema mismatch,contact infra,126,"network,retry"
39,2025-11-21T08:29:36.488432,redis,INFO,ERR_1857,Permission denied accessing resource,timeout,rollback,381,"config,network"
40,2025-11-20T08:01:36.489427,user,CRITICAL,ERR_6801,Database connection refused,bad deployment,restart service,137,"timeout,db"
41,2025-11-08T09:08:36.489427,inventory,WARNING,ERR_6823,Service returned 500,schema mismatch,contact infra,341,"retry,network"
42,2025-11-23T17:57:36.489427,api-gateway,ERROR,ERR_1962,Service returned 500,network issue,increase resources,33,"timeout,db"
43,2025-11-11T21:35:36.489427,nginx,INFO,ERR_5517,Service returned 500,schema mismatch,restart service,439,"network,timeout"
44,2025-11-14T13:42:36.489427,scheduler,CRITICAL,ERR_2477,Permission denied accessing resource,schema mismatch,increase resources,27,"network,db"
45,2025-11-16T20:11:36.489427,user,INFO,ERR_4463,Service returned 500,schema mismatch,fix code,386,"retry,timeout"
46,2025-11-10T00:11:36.489427,api-gateway,WARNING,ERR_3402,Timeout calling downstream service,invalid credentials,contact infra,169,"timeout,db"
47,2025-11-15T04:20:36.489427,mongo,INFO,ERR_4399,Permission denied accessing resource,invalid credentials,restart service,455,"config,timeout"
48,2025-12-02T03:48:36.489427,api-gateway,INFO,ERR_6091,Out of memory error,timeout,increase resources,13,"config,retry"
49,2025-11-16T13:13:36.489427,order,INFO,ERR_2732,Permission denied accessing resource,invalid credentials,rollback,498,"config,db"
50,2025-11-26T07:36:36.489427,postgres,WARNING,ERR_6175,Out of memory error,bad deployment,increase resources,492,"network,config"
51,2025-12-01T07:03:36.489427,scheduler,INFO,ERR_8786,Timeout calling downstream service,bad deployment,restart service,167,"db,timeout"
52,2025-11-14T01:56:36.489427,scheduler,INFO,ERR_2187,Permission denied accessing resource,insufficient resources,contact infra,217,"retry,timeout"
53,2025-11-24T22:01:36.489427,user,INFO,ERR_6049,Null pointer dereference,insufficient resources,restart service,418,"config,retry"
54,2025-11-30T08:38:36.489427,worker,CRITICAL,ERR_2630,Service returned 500,bad deployment,increase resources,148,"retry,db"
55,2025-12-01T16:10:36.489427,mongo,WARNING,ERR_8346,Out of memory error,invalid credentials,apply patch,325,"timeout,db"
56,2025-11-09T11:13:36.489427,redis,ERROR,ERR_6681,Permission denied accessing resource,network issue,rollback,377,"timeout,network"
57,2025-11-28T23:16:36.489427,scheduler,WARNING,ERR_4057,Out of memory error,network issue,contact infra,56,"db,network"
58,2025-11-11T12:40:36.489427,worker,WARNING,ERR_6471,Unhandled exception in worker,network issue,fix code,108,"network,db"
59,2025-11-23T03:00:36.489427,user,CRITICAL,ERR_7532,Permission denied accessing resource,timeout,rollback,373,"config,timeout"
60,2025-11-16T18:03:36.489427,inventory,INFO,ERR_6636,Null pointer dereference,network issue,fix code,145,"config,timeout"
61,2025-11-08T02:19:36.489427,search,CRITICAL,ERR_4265,Out of memory error,bad deployment,contact infra,221,"network,db"
62,2025-11-10T01:29:36.489427,nginx,WARNING,ERR_9128,Permission denied accessing resource,bad deployment,fix code,260,"retry,timeout"
63,2025-11-22T07:17:36.489427,nginx,INFO,ERR_8359,Out of memory error,bad deployment,rollback,80,"retry,config"
64,2025-11-16T17:48:36.489427,api-gateway,WARNING,ERR_7347,Out of memory error,bad deployment,restart service,207,"db,config"
65,2025-11-30T10:19:36.489427,api-gateway,INFO,ERR_7505,Database connection refused,network issue,restart service,350,"config,timeout"
66,2025-11-23T13:21:36.489427,nginx,ERROR,ERR_8045,Timeout calling downstream service,invalid credentials,fix code,88,"timeout,db"
67,2025-11-14T09:13:36.489427,nginx,WARNING,ERR_7951,Null pointer dereference,bad deployment,increase resources,144,"timeout,network"
68,2025-11-28T04:28:36.489427,order,INFO,ERR_5571,Unhandled exception in worker,bad deployment,contact infra,73,"retry,config"
69,2025-11-11T04:32:36.489427,api-gateway,CRITICAL,ERR_6424,Permission denied accessing resource,insufficient resources,apply patch,441,"config,network"
70,2025-11-21T06:17:36.489427,worker,CRITICAL,ERR_6502,Out of memory error,bad deployment,restart service,106,"config,db"
71,2025-11-15T23:52:36.489427,auth-service,CRITICAL,ERR_8563,Permission denied accessing resource,invalid credentials,apply patch,358,"config,network"
72,2025-12-02T17:12:36.489427,redis,ERROR,ERR_6764,Service returned 500,network issue,apply patch,174,"network,config"
73,2025-11-07T17:17:36.489427,payment,ERROR,ERR_5727,Service returned 500,insufficient resources,increase resources,103,"config,db"
74,2025-12-01T22:47:36.489427,search,ERROR,ERR_3717,Service returned 500,schema mismatch,restart service,261,"timeout,db"
75,2025-11-29T08:48:36.489427,nginx,CRITICAL,ERR_8066,Null pointer dereference,bad deployment,contact infra,493,"db,timeout"
76,2025-11-14T00:51:36.489427,inventory,WARNING,ERR_7071,Database connection refused,timeout,contact infra,179,"retry,config"
77,2025-11-10T19:28:36.489427,worker,ERROR,ERR_1400,Unhandled exception in worker,network issue,apply patch,317,"config,db"
78,2025-11-09T13:24:36.489427,order,INFO,ERR_1131,Unhandled exception in worker,insufficient resources,rollback,242,"network,db"
79,2025-11-27T04:39:36.489427,order,ERROR,ERR_3068,Out of memory error,schema mismatch,apply patch,56,"db,network"
80,2025-11-11T03:18:36.489427,postgres,CRITICAL,ERR_6971,Out of memory error,timeout,apply patch,301,"db,retry"
81,2025-11-08T16:12:36.489427,payment,WARNING,ERR_3537,Null pointer dereference,invalid credentials,restart service,239,"network,timeout"
82,2025-11-19T15:27:36.489427,scheduler,WARNING,ERR_1902,Timeout calling downstream service,invalid credentials,restart service,68,"config,timeout"
83,2025-11-11T17:49:36.489427,order,WARNING,ERR_7382,Unhandled exception in worker,invalid credentials,increase resources,246,"config,retry"
84,2025-11-23T04:12:36.489427,mongo,ERROR,ERR_1297,Null pointer dereference,timeout,fix code,492,"network,retry"
85,2025-11-27T10:41:36.489427,order,WARNING,ERR_3738,Timeout calling downstream service,invalid credentials,contact infra,399,"db,network"
86,2025-11-17T23:03:36.489427,mongo,ERROR,ERR_6758,Service returned 500,invalid credentials,fix code,452,"timeout,retry"
87,2025-11-17T12:00:36.489427,nginx,INFO,ERR_3284,Timeout calling downstream service,schema mismatch,rollback,137,"timeout,network"
88,2025-11-27T11:39:36.489427,auth-service,INFO,ERR_9966,Database connection refused,network issue,restart service,294,"db,retry"
89,2025-11-21T09:46:36.489427,inventory,INFO,ERR_9726,Database connection refused,insufficient resources,fix code,250,"network,retry"
90,2025-11-19T14:45:36.489427,worker,CRITICAL,ERR_7419,Timeout calling downstream service,invalid credentials,fix code,162,"network,timeout"
91,2025-11-29T14:40:36.489427,redis,INFO,ERR_6742,Permission denied accessing resource,insufficient resources,restart service,190,"db,timeout"
92,2025-11-09T23:03:36.489427,search,WARNING,ERR_5376,Null pointer dereference,insufficient resources,increase resources,76,"config,db"
93,2025-12-01T11:09:36.489427,mongo,WARNING,ERR_6231,Timeout calling downstream service,invalid credentials,restart service,455,"retry,config"
94,2025-11-23T08:10:36.489427,order,CRITICAL,ERR_8522,Permission denied accessing resource,timeout,contact infra,323,"timeout,config"
95,2025-11-25T20:11:36.489427,mongo,WARNING,ERR_5776,Unhandled exception in worker,schema mismatch,rollback,103,"network,timeout"
96,2025-11-10T10:40:36.489427,auth-service,INFO,ERR_5543,Timeout calling downstream service,schema mismatch,increase resources,485,"retry,db"
97,2025-11-06T12:41:36.489427,worker,CRITICAL,ERR_8483,Database connection refused,network issue,fix code,392,"network,config"
98,2025-11-22T05:20:36.489427,postgres,INFO,ERR_4563,Database connection refused,bad deployment,rollback,380,"timeout,db"
99,2025-11-28T21:55:36.489427,user,WARNING,ERR_8274,Permission denied accessing resource,bad deployment,fix code,13,"timeout,config"
100,2025-11-20T14:39:36.489427,payment,INFO,ERR_2217,Null pointer dereference,network issue,restart service,73,"timeout,network"
101,2025-11-22T05:59:36.489427,inventory,ERROR,ERR_8009,Permission denied accessing resource,schema mismatch,apply patch,468,"network,retry"
102,2025-11-24T12:21:36.489427,postgres,ERROR,ERR_8983,Null pointer dereference,invalid credentials,rollback,234,"timeout,config"
103,2025-11-27T02:40:36.489427,nginx,ERROR,ERR_8607,Out of memory error,timeout,contact infra,465,"db,timeout"
104,2025-11-30T15:52:36.489427,worker,WARNING,ERR_9368,Unhandled exception in worker,network issue,apply patch,131,"network,retry"
105,2025-11-29T14:00:36.489427,auth-service,WARNING,ERR_4003,Unhandled exception in worker,bad deployment,apply patch,80,"timeout,retry"
106,2025-12-02T18:04:36.489427,redis,CRITICAL,ERR_7544,Service returned 500,network issue,rollback,228,"db,retry"
107,2025-11-20T06:31:36.489427,inventory,WARNING,ERR_9037,Timeout calling downstream service,insufficient resources,apply patch,433,"db,network"
108,2025-11-14T12:18:36.489427,redis,CRITICAL,ERR_6951,Timeout calling downstream service,schema mismatch,contact infra,450,"config,timeout"
109,2025-11-17T11:27:36.489427,redis,CRITICAL,ERR_4893,Database connection refused,schema mismatch,contact infra,298,"config,db"
110,2025-11-25T18:49:36.489427,payment,CRITICAL,ERR_6078,Database connection refused,network issue,restart service,397,"config,db"
111,2025-11-25T11:07:36.489427,redis,ERROR,ERR_8992,Database connection refused,schema mismatch,contact infra,128,"config,db"
112,2025-11-26T16:57:36.489427,mongo,CRITICAL,ERR_4696,Service returned 500,invalid credentials,increase resources,300,"timeout,retry"
113,2025-12-02T21:31:36.489427,payment,CRITICAL,ERR_5958,Timeout calling downstream service,schema mismatch,contact infra,140,"network,config"
114,2025-11-24T16:25:36.489427,api-gateway,INFO,ERR_7559,Database connection refused,schema mismatch,restart service,293,"retry,db"
115,2025-11-25T00:59:36.490421,auth-service,WARNING,ERR_5330,Timeout calling downstream service,network issue,rollback,402,"timeout,db"
116,2025-11-09T07:06:36.490421,payment,CRITICAL,ERR_9779,Permission denied accessing resource,insufficient resources,fix code,302,"timeout,network"
117,2025-11-17T00:09:36.490421,api-gateway,ERROR,ERR_7514,Service returned 500,network issue,contact infra,392,"retry,timeout"
118,2025-11-15T05:12:36.490421,inventory,ERROR,ERR_2842,Service returned 500,schema mismatch,increase resources,67,"network,config"
119,2025-11-09T16:36:36.490421,postgres,CRITICAL,ERR_2197,Null pointer dereference,schema mismatch,restart service,239,"retry,config"
120,2025-11-28T22:43:36.490421,postgres,ERROR,ERR_6956,Timeout calling downstream service,timeout,restart service,426,"network,config"
121,2025-11-11T16:00:36.490421,inventory,ERROR,ERR_8354,Null pointer dereference,timeout,fix code,1,"config,db"
122,2025-11-27T03:23:36.490421,auth-service,CRITICAL,ERR_6972,Out of memory error,bad deployment,rollback,373,"network,retry"
123,2025-11-16T16:33:36.490421,worker,ERROR,ERR_7961,Null pointer dereference,invalid credentials,fix code,419,"config,timeout"
124,2025-11-24T14:00:36.490421,redis,CRITICAL,ERR_6695,Out of memory error,timeout,rollback,327,"network,retry"
125,2025-11-14T11:45:36.490421,nginx,CRITICAL,ERR_3389,Null pointer dereference,insufficient resources,contact infra,351,"timeout,config"
126,2025-11-28T07:24:36.490421,inventory,WARNING,ERR_2478,Timeout calling downstream service,bad deployment,restart service,416,"network,retry"
127,2025-11-26T15:33:36.490421,inventory,ERROR,ERR_3918,Out of memory error,insufficient resources,contact infra,41,"db,config"
128,2025-11-11T11:45:36.490421,mongo,ERROR,ERR_5701,Permission denied accessing resource,network issue,contact infra,484,"network,config"
129,2025-11-22T18:57:36.490421,api-gateway,ERROR,ERR_7266,Null pointer dereference,insufficient resources,increase resources,442,"retry,network"
130,2025-11-25T20:19:36.490421,order,INFO,ERR_2309,Timeout calling downstream service,insufficient resources,restart service,462,"db,config"
131,2025-11-07T21:24:36.490421,redis,WARNING,ERR_7782,Service returned 500,schema mismatch,restart service,295,"retry,db"
132,2025-11-17T23:04:36.490421,postgres,CRITICAL,ERR_4520,Unhandled exception in worker,schema mismatch,rollback,439,"retry,config"
133,2025-11-15T17:26:36.490421,scheduler,WARNING,ERR_8071,Timeout calling downstream service,schema mismatch,increase resources,153,"config,retry"
134,2025-11-26T11:42:36.490421,api-gateway,ERROR,ERR_3957,Database connection refused,schema mismatch,fix code,78,"db,config"
135,2025-11-19T06:31:36.490421,redis,INFO,ERR_5379,Database connection refused,insufficient resources,increase resources,295,"timeout,config"
136,2025-11-11T13:30:36.490421,user,WARNING,ERR_5767,Service returned 500,network issue,fix code,477,"timeout,network"
137,2025-11-13T04:20:36.490421,mongo,INFO,ERR_6106,Timeout calling downstream service,invalid credentials,increase resources,148,"timeout,config"
138,2025-11-22T19:42:36.490421,auth-service,WARNING,ERR_8800,Unhandled exception in worker,schema mismatch,apply patch,38,"db,config"
139,2025-11-07T18:09:36.490421,inventory,CRITICAL,ERR_9058,Database connection refused,schema mismatch,increase resources,145,"network,retry"
140,2025-11-06T00:03:36.490421,user,WARNING,ERR_1420,Permission denied accessing resource,network issue,increase resources,217,"timeout,db"
141,2025-11-12T23:17:36.490421,worker,ERROR,ERR_6339,Permission denied accessing resource,invalid credentials,contact infra,474,"config,db"
142,2025-11-23T00:04:36.490421,scheduler,CRITICAL,ERR_4082,Database connection refused,insufficient resources,restart service,98,"network,timeout"
143,2025-11-15T08:47:36.490421,mongo,ERROR,ERR_4352,Out of memory error,network issue,apply patch,237,"config,network"
144,2025-11-15T01:23:36.490421,payment,INFO,ERR_9833,Null pointer dereference,invalid credentials,apply patch,307,"config,timeout"
145,2025-11-11T20:47:36.490421,scheduler,WARNING,ERR_6606,Out of memory error,insufficient resources,increase resources,486,"network,db"
146,2025-12-01T06:08:36.490421,mongo,WARNING,ERR_6480,Unhandled exception in worker,timeout,contact infra,278,"db,retry"
147,2025-11-06T20:59:36.490421,order,WARNING,ERR_2477,Database connection refused,insufficient resources,rollback,241,"retry,config"
148,2025-11-07T18:04:36.490421,order,CRITICAL,ERR_5599,Database connection refused,invalid credentials,contact infra,244,"db,network"
149,2025-11-07T15:17:36.490421,search,CRITICAL,ERR_2871,Unhandled exception in worker,insufficient resources,restart service,220,"timeout,retry"
150,2025-11-08T20:15:36.490421,order,CRITICAL,ERR_5276,Null pointer dereference,schema mismatch,increase resources,167,"db,config"
151,2025-11-10T12:17:36.490421,nginx,WARNING,ERR_5510,Database connection refused,bad deployment,increase resources,59,"db,network"
152,2025-11-13T15:45:36.490421,worker,WARNING,ERR_2349,Out of memory error,network issue,restart service,187,"retry,timeout"
153,2025-11-26T17:58:36.490421,nginx,ERROR,ERR_4005,Database connection refused,timeout,rollback,101,"retry,timeout"
154,2025-12-03T02:33:36.490421,nginx,WARNING,ERR_6700,Out of memory error,invalid credentials,apply patch,287,"timeout,db"
155,2025-11-16T21:05:36.490421,search,WARNING,ERR_1257,Database connection refused,invalid credentials,restart service,36,"timeout,config"
156,2025-11-20T03:29:36.490421,payment,CRITICAL,ERR_1476,Service returned 500,invalid credentials,apply patch,136,"retry,config"
157,2025-11-13T16:25:36.490421,order,CRITICAL,ERR_3959,Out of memory error,timeout,increase resources,353,"network,config"
158,2025-11-26T03:22:36.490421,inventory,CRITICAL,ERR_3946,Database connection refused,invalid credentials,fix code,72,"network,timeout"
159,2025-11-17T02:10:36.490421,scheduler,ERROR,ERR_8734,Null pointer dereference,invalid credentials,increase resources,380,"db,config"
160,2025-11-27T22:18:36.490421,worker,INFO,ERR_2015,Service returned 500,insufficient resources,increase resources,178,"db,timeout"
161,2025-11-24T15:25:36.490421,worker,CRITICAL,ERR_7221,Database connection refused,bad deployment,increase resources,317,"network,config"
162,2025-11-18T17:43:36.490421,auth-service,WARNING,ERR_6939,Permission denied accessing resource,bad deployment,rollback,52,"retry,network"
163,2025-11-12T11:41:36.490421,postgres,INFO,ERR_1194,Out of memory error,timeout,increase resources,141,"db,config"
164,2025-12-02T08:39:36.490421,postgres,INFO,ERR_8474,Null pointer dereference,schema mismatch,fix code,444,"timeout,retry"
165,2025-11-11T21:19:36.490421,search,CRITICAL,ERR_9642,Timeout calling downstream service,bad deployment,apply patch,73,"config,timeout"
166,2025-11-22T16:34:36.490421,payment,CRITICAL,ERR_5377,Permission denied accessing resource,schema mismatch,contact infra,449,"timeout,network"
167,2025-11-23T18:59:36.490421,worker,WARNING,ERR_8554,Out of memory error,timeout,rollback,434,"network,retry"
168,2025-11-09T11:31:36.490421,scheduler,WARNING,ERR_4810,Timeout calling downstream service,insufficient resources,fix code,349,"db,timeout"
169,2025-12-01T17:04:36.490421,worker,WARNING,ERR_6002,Service returned 500,timeout,restart service,367,"timeout,retry"
170,2025-11-06T09:16:36.490421,user,INFO,ERR_4651,Out of memory error,bad deployment,increase resources,271,"timeout,db"
171,2025-11-26T10:17:36.490421,redis,WARNING,ERR_6489,Permission denied accessing resource,network issue,restart service,93,"timeout,retry"
172,2025-11-15T17:29:36.490421,postgres,WARNING,ERR_2355,Database connection refused,insufficient resources,contact infra,422,"db,timeout"
173,2025-11-18T20:30:36.490421,order,CRITICAL,ERR_4236,Service returned 500,schema mismatch,increase resources,85,"db,retry"
174,2025-11-07T22:49:36.490421,scheduler,INFO,ERR_8111,Permission denied accessing resource,timeout,contact infra,86,"retry,timeout"
175,2025-11-22T19:51:36.490421,inventory,WARNING,ERR_9210,Database connection refused,network issue,contact infra,360,"retry,db"
176,2025-11-13T14:39:36.490421,redis,CRITICAL,ERR_3523,Timeout calling downstream service,network issue,apply patch,109,"timeout,config"
177,2025-11-13T05:37:36.490421,api-gateway,ERROR,ERR_4488,Out of memory error,invalid credentials,restart service,463,"network,db"
178,2025-11-08T19:05:36.490421,postgres,CRITICAL,ERR_4569,Timeout calling downstream service,schema mismatch,rollback,149,"retry,config"
179,2025-12-02T07:46:36.490421,worker,CRITICAL,ERR_5121,Service returned 500,insufficient resources,fix code,196,"retry,config"
180,2025-11-09T10:22:36.490421,scheduler,CRITICAL,ERR_7208,Timeout calling downstream service,timeout,restart service,482,"retry,network"
181,2025-11-24T05:03:36.490421,postgres,WARNING,ERR_7766,Service returned 500,timeout,fix code,158,"config,db"
182,2025-11-28T03:37:36.491374,payment,ERROR,ERR_4691,Timeout calling downstream service,network issue,rollback,93,"db,network"
183,2025-11-26T07:40:36.491374,auth-service,INFO,ERR_1085,Service returned 500,network issue,fix code,176,"retry,network"
184,2025-11-10T16:35:36.491374,inventory,ERROR,ERR_5315,Null pointer dereference,insufficient resources,restart service,25,"timeout,network"
185,2025-11-27T21:47:36.491374,postgres,WARNING,ERR_4153,Database connection refused,network issue,apply patch,463,"config,retry"
186,2025-11-22T14:35:36.491374,scheduler,WARNING,ERR_3578,Permission denied accessing resource,network issue,apply patch,241,"retry,network"
187,2025-11-18T11:27:36.491374,nginx,CRITICAL,ERR_7117,Timeout calling downstream service,insufficient resources,restart service,396,"db,retry"
188,2025-11-14T22:30:36.491374,mongo,INFO,ERR_3585,Out of memory error,bad deployment,rollback,374,"timeout,config"
189,2025-11-28T18:38:36.491374,scheduler,INFO,ERR_6524,Out of memory error,network issue,restart service,190,"network,db"
190,2025-12-03T08:08:36.491374,redis,CRITICAL,ERR_5009,Out of memory error,invalid credentials,restart service,154,"retry,network"
191,2025-11-22T11:18:36.491374,inventory,ERROR,ERR_6834,Null pointer dereference,bad deployment,apply patch,494,"retry,db"
192,2025-11-12T06:56:36.491374,redis,WARNING,ERR_9098,Unhandled exception in worker,schema mismatch,apply patch,66,"timeout,config"
193,2025-12-01T11:29:36.491374,user,CRITICAL,ERR_8042,Out of memory error,bad deployment,increase resources,414,"retry,timeout"
194,2025-11-08T05:10:36.491374,api-gateway,INFO,ERR_2270,Service returned 500,bad deployment,fix code,93,"config,db"
195,2025-11-17T11:26:36.491374,mongo,CRITICAL,ERR_1071,Out of memory error,schema mismatch,apply patch,474,"config,timeout"
196,2025-11-19T20:45:36.491374,inventory,INFO,ERR_3242,Unhandled exception in worker,schema mismatch,rollback,469,"timeout,network"
197,2025-11-21T23:03:36.491374,postgres,CRITICAL,ERR_8454,Null pointer dereference,timeout,fix code,383,"db,config"
198,2025-11-11T12:54:36.491374,search,INFO,ERR_6113,Permission denied accessing resource,timeout,contact infra,78,"retry,timeout"
199,2025-11-30T22:38:36.491374,inventory,WARNING,ERR_7760,Database connection refused,network issue,apply patch,451,"timeout,config"
200,2025-11-28T11:00:36.491374,postgres,WARNING,ERR_8227,Service returned 500,network issue,apply patch,89,"db,config"
201,2025-12-03T03:28:36.491374,scheduler,ERROR,ERR_4315,Unhandled exception in worker,network issue,restart service,9,"retry,db"
202,2025-11-06T17:36:36.491374,mongo,CRITICAL,ERR_5366,Null pointer dereference,timeout,apply patch,335,"config,retry"
203,2025-11-06T06:08:36.491374,search,ERROR,ERR_1078,Null pointer dereference,network issue,fix code,243,"db,timeout"
204,2025-11-30T21:51:36.491374,inventory,ERROR,ERR_7012,Permission denied accessing resource,bad deployment,contact infra,186,"config,retry"
205,2025-12-02T13:56:36.491374,order,WARNING,ERR_3228,Database connection refused,timeout,increase resources,162,"config,timeout"
206,2025-11-24T03:19:36.491374,inventory,CRITICAL,ERR_8315,Null pointer dereference,timeout,rollback,133,"config,timeout"
207,2025-12-02T13:34:36.491374,api-gateway,WARNING,ERR_1400,Permission denied accessing resource,bad deployment,increase resources,355,"network,db"
208,2025-11-28T23:22:36.491374,auth-service,WARNING,ERR_9210,Permission denied accessing resource,invalid credentials,contact infra,127,"retry,timeout"
209,2025-11-21T11:43:36.491374,search,CRITICAL,ERR_8810,Out of memory error,network issue,restart service,305,"timeout,retry"
210,2025-11-21T13:01:36.491374,api-gateway,ERROR,ERR_8380,Timeout calling downstream service,bad deployment,rollback,88,"config,timeout"
211,2025-11-14T07:08:36.491374,mongo,ERROR,ERR_5727,Out of memory error,timeout,rollback,421,"config,network"
212,2025-11-20T10:25:36.491374,mongo,CRITICAL,ERR_6062,Database connection refused,timeout,fix code,303,"retry,timeout"
213,2025-11-06T02:02:36.491374,search,WARNING,ERR_7824,Service returned 500,schema mismatch,apply patch,33,"retry,config"
214,2025-11-20T06:37:36.491374,auth-service,INFO,ERR_1744,Timeout calling downstream service,schema mismatch,restart service,284,"timeout,db"
215,2025-11-11T21:48:36.491374,nginx,WARNING,ERR_3411,Unhandled exception in worker,invalid credentials,apply patch,338,"config,timeout"
216,2025-11-23T22:49:36.491374,order,ERROR,ERR_9380,Service returned 500,invalid credentials,apply patch,477,"timeout,config"
217,2025-11-30T00:58:36.491374,mongo,ERROR,ERR_1555,Database connection refused,bad deployment,contact infra,255,"retry,config"
218,2025-11-15T00:08:36.491374,scheduler,ERROR,ERR_8298,Database connection refused,bad deployment,contact infra,203,"retry,db"
219,2025-11-18T17:17:36.491374,order,INFO,ERR_6141,Permission denied accessing resource,invalid credentials,apply patch,127,"config,network"
220,2025-11-19T14:37:36.491374,redis,INFO,ERR_9986,Permission denied accessing resource,invalid credentials,restart service,145,"config,db"
221,2025-11-16T01:46:36.491374,search,WARNING,ERR_3984,Out of memory error,timeout,restart service,247,"retry,timeout"
222,2025-11-22T07:06:36.491374,payment,WARNING,ERR_5846,Unhandled exception in worker,timeout,apply patch,352,"network,config"
223,2025-11-13T01:44:36.491374,mongo,CRITICAL,ERR_8303,Null pointer dereference,invalid credentials,rollback,290,"retry,db"
224,2025-11-24T12:45:36.491374,worker,ERROR,ERR_9423,Out of memory error,invalid credentials,apply patch,424,"network,timeout"
225,2025-11-28T02:01:36.491374,redis,ERROR,ERR_1072,Database connection refused,timeout,apply patch,251,"retry,timeout"
226,2025-11-06T22:28:36.491374,payment,CRITICAL,ERR_2404,Timeout calling downstream service,bad deployment,fix code,82,"network,retry"
227,2025-11-06T05:24:36.491374,scheduler,CRITICAL,ERR_9879,Database connection refused,insufficient resources,restart service,240,"config,retry"
228,2025-11-05T19:00:36.491374,scheduler,CRITICAL,ERR_7879,Permission denied accessing resource,bad deployment,increase resources,164,"config,retry"
229,2025-11-07T17:50:36.491374,scheduler,CRITICAL,ERR_1163,Timeout calling downstream service,schema mismatch,fix code,274,"config,retry"
230,2025-11-16T19:43:36.491374,scheduler,CRITICAL,ERR_3683,Out of memory error,invalid credentials,contact infra,451,"timeout,retry"
231,2025-11-18T12:57:36.491374,auth-service,CRITICAL,ERR_2847,Null pointer dereference,invalid credentials,fix code,100,"config,retry"
232,2025-11-15T12:05:36.491374,auth-service,ERROR,ERR_5935,Service returned 500,network issue,restart service,206,"network,config"
233,2025-11-29T22:33:36.491374,mongo,INFO,ERR_1236,Service returned 500,bad deployment,apply patch,41,"network,retry"
234,2025-11-18T08:31:36.491374,user,INFO,ERR_8298,Null pointer dereference,schema mismatch,rollback,373,"retry,network"
235,2025-11-18T18:52:36.491374,user,CRITICAL,ERR_4359,Timeout calling downstream service,insufficient resources,apply patch,386,"timeout,db"
236,2025-11-29T06:55:36.491374,redis,CRITICAL,ERR_1972,Timeout calling downstream service,network issue,contact infra,43,"db,config"
237,2025-11-25T14:49:36.491374,worker,ERROR,ERR_7513,Out of memory error,network issue,apply patch,254,"config,network"
238,2025-11-18T19:01:36.491374,scheduler,INFO,ERR_4486,Null pointer dereference,network issue,rollback,114,"config,db"
239,2025-11-18T06:49:36.491374,search,CRITICAL,ERR_6730,Permission denied accessing resource,insufficient resources,rollback,349,"network,retry"
240,2025-11-29T23:48:36.491374,search,ERROR,ERR_3521,Timeout calling downstream service,schema mismatch,increase resources,159,"network,config"
241,2025-11-21T03:44:36.491374,postgres,CRITICAL,ERR_5572,Timeout calling downstream service,schema mismatch,apply patch,6,"config,db"
242,2025-11-25T10:18:36.491374,nginx,CRITICAL,ERR_3323,Database connection refused,bad deployment,apply patch,126,"retry,config"
243,2025-11-28T15:03:36.492428,worker,INFO,ERR_7735,Unhandled exception in worker,timeout,fix code,228,"config,timeout"
244,2025-11-08T22:31:36.492428,payment,ERROR,ERR_8459,Permission denied accessing resource,timeout,restart service,165,"network,config"
245,2025-11-11T01:35:36.492428,auth-service,ERROR,ERR_9335,Unhandled exception in worker,schema mismatch,restart service,484,"network,db"
246,2025-11-14T10:35:36.492428,redis,ERROR,ERR_5199,Permission denied accessing resource,network issue,rollback,475,"network,retry"
247,2025-11-25T00:36:36.492428,worker,ERROR,ERR_2410,Service returned 500,timeout,contact infra,483,"db,config"
248,2025-11-23T10:53:36.492428,user,CRITICAL,ERR_4650,Service returned 500,invalid credentials,contact infra,118,"network,timeout"
249,2025-11-10T22:16:36.492428,user,WARNING,ERR_7537,Null pointer dereference,insufficient resources,contact infra,475,"db,network"
250,2025-11-29T22:57:36.492428,api-gateway,CRITICAL,ERR_1562,Service returned 500,bad deployment,apply patch,386,"timeout,network"
251,2025-11-09T21:41:36.492428,worker,CRITICAL,ERR_6669,Database connection refused,network issue,rollback,120,"config,retry"
252,2025-11-22T13:34:36.492428,worker,WARNING,ERR_1209,Service returned 500,network issue,rollback,190,"network,timeout"
253,2025-11-21T21:59:36.492428,nginx,INFO,ERR_8653,Out of memory error,insufficient resources,contact infra,281,"config,retry"
254,2025-11-12T20:45:36.492428,nginx,CRITICAL,ERR_7484,Database connection refused,timeout,fix code,38,"config,retry"
255,2025-12-01T01:49:36.492428,api-gateway,WARNING,ERR_9923,Database connection refused,insufficient resources,contact infra,497,"network,retry"
256,2025-11-10T00:01:36.492428,nginx,CRITICAL,ERR_6423,Unhandled exception in worker,timeout,restart service,389,"config,network"
257,2025-11-19T13:30:36.492428,nginx,CRITICAL,ERR_2719,Database connection refused,bad deployment,rollback,237,"retry,config"
258,2025-11-24T05:40:36.492428,nginx,INFO,ERR_6885,Unhandled exception in worker,invalid credentials,restart service,234,"retry,db"
259,2025-11-12T03:52:36.492428,scheduler,ERROR,ERR_9820,Service returned 500,invalid credentials,restart service,211,"network,config"
260,2025-11-20T10:42:36.492428,inventory,INFO,ERR_4179,Permission denied accessing resource,invalid credentials,rollback,27,"config,timeout"
261,2025-11-13T22:35:36.492428,redis,WARNING,ERR_8949,Out of memory error,invalid credentials,contact infra,497,"timeout,retry"
262,2025-11-09T02:16:36.492428,user,ERROR,ERR_4567,Service returned 500,bad deployment,restart service,387,"retry,timeout"
263,2025-11-26T11:16:36.492428,redis,ERROR,ERR_6400,Database connection refused,insufficient resources,contact infra,191,"db,network"
264,2025-11-23T06:43:36.492428,search,INFO,ERR_1289,Out of memory error,invalid credentials,fix code,487,"config,retry"
265,2025-11-06T09:40:36.492428,order,ERROR,ERR_3720,Database connection refused,insufficient resources,fix code,82,"network,retry"
266,2025-11-19T16:09:36.492428,nginx,ERROR,ERR_1687,Null pointer dereference,schema mismatch,fix code,185,"timeout,network"
267,2025-11-23T19:31:36.492428,search,CRITICAL,ERR_5987,Service returned 500,timeout,contact infra,283,"config,retry"
268,2025-11-17T01:45:36.492428,postgres,ERROR,ERR_3441,Service returned 500,timeout,rollback,462,"network,config"
269,2025-12-01T18:31:36.492428,scheduler,ERROR,ERR_5239,Out of memory error,invalid credentials,restart service,120,"retry,config"
270,2025-11-30T06:53:36.492428,redis,INFO,ERR_8428,Timeout calling downstream service,timeout,increase resources,250,"db,config"
271,2025-11-07T17:44:36.492428,api-gateway,WARNING,ERR_1897,Service returned 500,insufficient resources,rollback,279,"db,timeout"
272,2025-11-10T22:56:36.492428,redis,WARNING,ERR_3252,Out of memory error,invalid credentials,increase resources,109,"config,network"
273,2025-11-09T06:07:36.492428,payment,INFO,ERR_1775,Null pointer dereference,insufficient resources,fix code,36,"config,retry"
274,2025-11-21T17:16:36.492428,search,INFO,ERR_6167,Database connection refused,network issue,fix code,291,"config,retry"
275,2025-11-28T16:34:36.492428,payment,ERROR,ERR_2159,Unhandled exception in worker,insufficient resources,apply patch,66,"retry,timeout"
276,2025-11-21T09:06:36.492428,worker,WARNING,ERR_6888,Service returned 500,invalid credentials,fix code,24,"db,network"
277,2025-11-13T19:00:36.492428,user,CRITICAL,ERR_9630,Permission denied accessing resource,bad deployment,contact infra,37,"network,config"
278,2025-11-06T21:40:36.492428,scheduler,WARNING,ERR_6160,Permission denied accessing resource,invalid credentials,fix code,368,"config,timeout"
279,2025-11-27T04:22:36.492428,mongo,ERROR,ERR_4772,Unhandled exception in worker,timeout,contact infra,109,"timeout,retry"
280,2025-11-15T04:52:36.492428,payment,CRITICAL,ERR_7071,Permission denied accessing resource,timeout,apply patch,431,"retry,timeout"
281,2025-11-10T20:08:36.492428,user,INFO,ERR_5257,Service returned 500,invalid credentials,contact infra,402,"config,network"
282,2025-11-14T08:07:36.492428,payment,ERROR,ERR_4160,Timeout calling downstream service,invalid credentials,fix code,177,"db,retry"
283,2025-11-09T01:11:36.492428,inventory,CRITICAL,ERR_4304,Service returned 500,timeout,fix code,443,"retry,db"
284,2025-11-28T23:46:36.492428,payment,WARNING,ERR_2169,Database connection refused,network issue,rollback,103,"config,timeout"
285,2025-11-26T00:00:36.492428,mongo,ERROR,ERR_6386,Unhandled exception in worker,network issue,contact infra,14,"network,db"
286,2025-11-22T09:53:36.492428,mongo,WARNING,ERR_9711,Out of memory error,timeout,rollback,155,"db,config"
287,2025-11-19T02:38:36.492428,order,ERROR,ERR_3751,Null pointer dereference,insufficient resources,apply patch,337,"network,timeout"
288,2025-11-06T15:10:36.492428,payment,CRITICAL,ERR_7557,Null pointer dereference,timeout,restart service,262,"timeout,retry"
289,2025-11-25T12:32:36.492428,mongo,ERROR,ERR_7113,Unhandled exception in worker,timeout,contact infra,56,"retry,network"
290,2025-11-12T08:06:36.492428,nginx,WARNING,ERR_3443,Service returned 500,bad deployment,increase resources,33,"db,network"
291,2025-11-13T06:35:36.492428,user,INFO,ERR_3462,Unhandled exception in worker,network issue,apply patch,461,"retry,network"
292,2025-11-30T13:33:36.492428,api-gateway,ERROR,ERR_1104,Service returned 500,timeout,restart service,365,"network,retry"
293,2025-11-29T04:49:36.492428,inventory,ERROR,ERR_8149,Timeout calling downstream service,timeout,apply patch,265,"config,retry"
294,2025-11-20T22:59:36.492428,mongo,ERROR,ERR_1909,Unhandled exception in worker,insufficient resources,restart service,446,"timeout,db"
295,2025-11-05T22:36:36.492428,search,INFO,ERR_9448,Null pointer dereference,insufficient resources,rollback,20,"retry,network"
296,2025-11-08T13:57:36.492428,payment,ERROR,ERR_2071,Null pointer dereference,invalid credentials,increase resources,185,"db,retry"
297,2025-11-08T02:29:36.492428,order,ERROR,ERR_6052,Unhandled exception in worker,timeout,restart service,257,"config,network"
298,2025-11-05T22:47:36.492428,nginx,CRITICAL,ERR_6461,Null pointer dereference,network issue,apply patch,39,"config,db"
299,2025-11-11T11:29:36.493421,api-gateway,INFO,ERR_2918,Database connection refused,timeout,apply patch,192,"config,db"
300,2025-11-07T11:29:36.493421,postgres,WARNING,ERR_8844,Null pointer dereference,insufficient resources,rollback,186,"db,timeout"
301,2025-11-16T13:36:36.493421,user,INFO,ERR_1518,Null pointer dereference,network issue,apply patch,470,"retry,db"
302,2025-11-29T14:11:36.493421,worker,ERROR,ERR_1156,Timeout calling downstream service,schema mismatch,restart service,405,"retry,config"
303,2025-11-15T18:10:36.493421,api-gateway,CRITICAL,ERR_4305,Service returned 500,bad deployment,fix code,475,"config,timeout"
304,2025-11-23T18:43:36.493421,nginx,CRITICAL,ERR_5268,Permission denied accessing resource,insufficient resources,apply patch,468,"network,timeout"
305,2025-11-30T20:55:36.493421,worker,WARNING,ERR_9357,Service returned 500,bad deployment,increase resources,273,"network,timeout"
306,2025-11-27T21:19:36.493421,inventory,WARNING,ERR_9871,Permission denied accessing resource,insufficient resources,contact infra,420,"db,network"
307,2025-11-24T19:10:36.493421,user,CRITICAL,ERR_2413,Timeout calling downstream service,invalid credentials,contact infra,231,"db,retry"
308,2025-11-15T02:23:36.493421,nginx,INFO,ERR_3264,Timeout calling downstream service,schema mismatch,restart service,72,"timeout,db"
309,2025-11-11T21:15:36.493421,inventory,ERROR,ERR_7540,Out of memory error,schema mismatch,fix code,314,"retry,network"
310,2025-11-06T04:24:36.493421,postgres,INFO,ERR_3932,Null pointer dereference,insufficient resources,increase resources,295,"timeout,db"
311,2025-11-11T16:53:36.493421,redis,INFO,ERR_8776,Timeout calling downstream service,bad deployment,rollback,392,"timeout,config"
312,2025-11-13T22:22:36.493421,inventory,ERROR,ERR_7214,Timeout calling downstream service,invalid credentials,apply patch,72,"timeout,network"
313,2025-11-18T02:43:36.493421,nginx,WARNING,ERR_2737,Out of memory error,invalid credentials,contact infra,69,"retry,config"
314,2025-11-07T22:06:36.493421,user,WARNING,ERR_5556,Out of memory error,invalid credentials,increase resources,103,"network,config"
315,2025-11-14T19:28:36.493421,worker,CRITICAL,ERR_2608,Database connection refused,schema mismatch,rollback,227,"timeout,retry"
316,2025-11-24T00:29:36.493421,mongo,WARNING,ERR_2541,Unhandled exception in worker,timeout,contact infra,44,"config,db"
317,2025-11-18T23:13:36.493421,mongo,CRITICAL,ERR_9716,Service returned 500,timeout,contact infra,233,"timeout,db"
318,2025-11-23T21:41:36.493421,worker,CRITICAL,ERR_9228,Unhandled exception in worker,schema mismatch,increase resources,499,"db,timeout"
319,2025-11-12T18:59:36.493421,scheduler,ERROR,ERR_1020,Unhandled exception in worker,network issue,contact infra,370,"retry,network"
320,2025-11-16T02:09:36.493421,user,WARNING,ERR_6089,Database connection refused,invalid credentials,rollback,301,"timeout,config"
321,2025-11-09T15:24:36.493421,search,INFO,ERR_8473,Timeout calling downstream service,invalid credentials,contact infra,206,"network,config"
322,2025-11-15T07:44:36.493421,postgres,WARNING,ERR_6371,Database connection refused,insufficient resources,fix code,60,"config,retry"
323,2025-11-22T01:15:36.493421,mongo,WARNING,ERR_9680,Unhandled exception in worker,network issue,increase resources,43,"config,timeout"
324,2025-12-01T07:50:36.493421,payment,INFO,ERR_9528,Database connection refused,insufficient resources,fix code,230,"network,config"
325,2025-12-02T18:08:36.493421,redis,WARNING,ERR_7756,Service returned 500,invalid credentials,increase resources,15,"db,network"
326,2025-11-30T21:06:36.493421,worker,ERROR,ERR_5940,Database connection refused,bad deployment,increase resources,130,"db,timeout"
327,2025-11-28T14:16:36.493421,search,CRITICAL,ERR_1512,Unhandled exception in worker,schema mismatch,contact infra,106,"config,timeout"
328,2025-11-27T09:38:36.493421,search,WARNING,ERR_5241,Timeout calling downstream service,insufficient resources,apply patch,459,"retry,config"
329,2025-11-10T21:21:36.493421,user,INFO,ERR_5023,Database connection refused,insufficient resources,contact infra,7,"timeout,db"
330,2025-11-11T05:48:36.493421,user,INFO,ERR_2682,Timeout calling downstream service,invalid credentials,rollback,254,"retry,db"
331,2025-11-07T17:04:36.493421,nginx,WARNING,ERR_3888,Permission denied accessing resource,schema mismatch,restart service,401,"db,timeout"
332,2025-11-11T03:53:36.493421,postgres,WARNING,ERR_9061,Permission denied accessing resource,invalid credentials,fix code,498,"config,retry"
333,2025-11-13T07:40:36.493421,api-gateway,CRITICAL,ERR_1415,Service returned 500,schema mismatch,contact infra,444,"db,timeout"
334,2025-11-22T14:56:36.493421,search,INFO,ERR_9110,Database connection refused,schema mismatch,contact infra,278,"db,config"
335,2025-12-03T02:18:36.493421,inventory,WARNING,ERR_3268,Permission denied accessing resource,network issue,rollback,229,"network,config"
336,2025-11-14T04:29:36.493421,redis,WARNING,ERR_6707,Out of memory error,network issue,restart service,266,"config,retry"
337,2025-11-14T18:18:36.493421,api-gateway,CRITICAL,ERR_7068,Permission denied accessing resource,insufficient resources,increase resources,212,"network,timeout"
338,2025-11-23T10:35:36.493421,scheduler,INFO,ERR_6482,Null pointer dereference,schema mismatch,contact infra,423,"db,retry"
339,2025-11-26T01:13:36.493421,redis,INFO,ERR_2895,Timeout calling downstream service,bad deployment,rollback,294,"network,retry"
340,2025-11-28T01:28:36.493421,payment,CRITICAL,ERR_6987,Permission denied accessing resource,timeout,rollback,413,"network,db"
341,2025-11-08T03:59:36.493421,payment,ERROR,ERR_2159,Permission denied accessing resource,invalid credentials,apply patch,168,"config,retry"
342,2025-11-14T06:35:36.493421,api-gateway,INFO,ERR_9258,Service returned 500,timeout,fix code,242,"timeout,network"
343,2025-11-27T19:38:36.493421,redis,INFO,ERR_6510,Out of memory error,insufficient resources,contact infra,127,"network,timeout"
344,2025-12-01T14:39:36.493421,auth-service,ERROR,ERR_2725,Permission denied accessing resource,schema mismatch,fix code,83,"network,timeout"
345,2025-11-24T14:01:36.493421,redis,ERROR,ERR_6125,Timeout calling downstream service,invalid credentials,rollback,322,"db,retry"
346,2025-11-09T10:33:36.493421,worker,ERROR,ERR_9827,Service returned 500,invalid credentials,fix code,451,"timeout,db"
347,2025-11-26T14:08:36.493421,redis,INFO,ERR_4322,Unhandled exception in worker,invalid credentials,apply patch,262,"db,config"
348,2025-12-03T07:37:36.493421,mongo,ERROR,ERR_3658,Null pointer dereference,schema mismatch,restart service,57,"timeout,network"
349,2025-11-10T03:27:36.493421,mongo,ERROR,ERR_5404,Timeout calling downstream service,invalid credentials,restart service,432,"network,timeout"
350,2025-11-24T04:03:36.493421,order,CRITICAL,ERR_3021,Unhandled exception in worker,insufficient resources,apply patch,123,"config,retry"
351,2025-11-09T18:08:36.493421,order,INFO,ERR_6079,Unhandled exception in worker,insufficient resources,increase resources,23,"timeout,config"
352,2025-12-01T18:34:36.493421,order,INFO,ERR_8554,Out of memory error,timeout,increase resources,467,"config,retry"
353,2025-11-24T05:09:36.493421,scheduler,CRITICAL,ERR_5764,Out of memory error,bad deployment,apply patch,295,"db,timeout"
354,2025-11-16T03:13:36.493421,postgres,INFO,ERR_9179,Unhandled exception in worker,invalid credentials,restart service,172,"network,timeout"
355,2025-11-15T13:49:36.493421,nginx,ERROR,ERR_2449,Permission denied accessing resource,invalid credentials,contact infra,202,"network,db"
356,2025-11-21T12:43:36.493421,search,INFO,ERR_2772,Permission denied accessing resource,insufficient resources,fix code,302,"timeout,config"
357,2025-11-11T07:39:36.493421,scheduler,ERROR,ERR_4347,Database connection refused,bad deployment,apply patch,382,"db,retry"
358,2025-11-05T16:08:36.493421,user,ERROR,ERR_5883,Timeout calling downstream service,bad deployment,contact infra,180,"network,retry"
359,2025-11-10T16:32:36.493421,nginx,ERROR,ERR_3542,Permission denied accessing resource,schema mismatch,increase resources,298,"db,config"
360,2025-11-17T11:30:36.493421,payment,CRITICAL,ERR_7884,Database connection refused,timeout,fix code,189,"db,config"
361,2025-12-03T06:59:36.493421,api-gateway,INFO,ERR_4891,Database connection refused,timeout,fix code,415,"network,retry"
362,2025-11-26T12:44:36.493421,postgres,CRITICAL,ERR_7996,Unhandled exception in worker,insufficient resources,apply patch,1,"db,timeout"
363,2025-12-01T20:38:36.493421,mongo,ERROR,ERR_5532,Permission denied accessing resource,insufficient resources,contact infra,99,"timeout,network"
364,2025-11-14T13:13:36.494428,nginx,INFO,ERR_5517,Permission denied accessing resource,schema mismatch,fix code,262,"db,timeout"
365,2025-11-17T23:24:36.494428,postgres,ERROR,ERR_6579,Out of memory error,insufficient resources,increase resources,307,"network,config"
366,2025-11-12T08:57:36.494428,search,ERROR,ERR_2029,Unhandled exception in worker,bad deployment,contact infra,299,"network,retry"
367,2025-11-19T07:33:36.494428,postgres,ERROR,ERR_5672,Database connection refused,bad deployment,rollback,383,"network,config"
368,2025-11-17T03:01:36.494428,payment,WARNING,ERR_2776,Timeout calling downstream service,insufficient resources,apply patch,75,"db,timeout"
369,2025-11-16T11:26:36.494428,postgres,INFO,ERR_8474,Out of memory error,invalid credentials,apply patch,121,"db,config"
370,2025-11-16T09:57:36.494428,api-gateway,ERROR,ERR_9975,Unhandled exception in worker,insufficient resources,restart service,497,"retry,config"
371,2025-11-24T14:48:36.494428,inventory,CRITICAL,ERR_9045,Permission denied accessing resource,insufficient resources,increase resources,301,"db,config"
372,2025-11-29T23:12:36.494428,user,INFO,ERR_9688,Null pointer dereference,timeout,fix code,189,"retry,db"
373,2025-11-28T05:59:36.494428,search,CRITICAL,ERR_3623,Null pointer dereference,timeout,fix code,140,"db,timeout"
374,2025-11-29T03:21:36.494428,worker,CRITICAL,ERR_8254,Service returned 500,bad deployment,restart service,13,"db,network"
375,2025-11-27T20:18:36.494428,worker,CRITICAL,ERR_8079,Unhandled exception in worker,timeout,increase resources,128,"timeout,retry"
376,2025-11-08T04:48:36.494428,worker,ERROR,ERR_9794,Null pointer dereference,bad deployment,contact infra,216,"retry,db"
377,2025-11-14T20:52:36.494428,payment,INFO,ERR_2099,Timeout calling downstream service,schema mismatch,restart service,346,"db,timeout"
378,2025-11-29T18:23:36.494428,mongo,INFO,ERR_8889,Permission denied accessing resource,insufficient resources,contact infra,464,"db,timeout"
379,2025-11-09T13:31:36.494428,postgres,WARNING,ERR_6397,Null pointer dereference,timeout,restart service,267,"network,retry"
380,2025-11-14T15:07:36.494428,payment,INFO,ERR_9531,Timeout calling downstream service,network issue,rollback,487,"network,retry"
381,2025-11-16T05:23:36.494428,payment,INFO,ERR_7411,Timeout calling downstream service,network issue,apply patch,495,"timeout,network"
382,2025-11-22T12:27:36.494428,auth-service,CRITICAL,ERR_9207,Service returned 500,schema mismatch,restart service,423,"network,timeout"
383,2025-11-23T09:12:36.494428,inventory,WARNING,ERR_3467,Out of memory error,bad deployment,fix code,101,"retry,db"
384,2025-11-20T06:11:36.494428,inventory,INFO,ERR_1982,Permission denied accessing resource,insufficient resources,apply patch,362,"network,db"
385,2025-11-30T11:05:36.494428,postgres,INFO,ERR_8862,Null pointer dereference,invalid credentials,increase resources,257,"config,retry"
386,2025-11-15T05:33:36.494428,user,CRITICAL,ERR_5765,Unhandled exception in worker,timeout,fix code,369,"db,config"
387,2025-11-27T18:42:36.494428,api-gateway,ERROR,ERR_6678,Unhandled exception in worker,bad deployment,apply patch,177,"timeout,network"
388,2025-12-02T04:10:36.494428,scheduler,WARNING,ERR_6824,Service returned 500,invalid credentials,increase resources,363,"retry,db"
389,2025-11-09T17:25:36.494428,user,INFO,ERR_4179,Null pointer dereference,network issue,apply patch,240,"retry,network"
390,2025-12-02T23:00:36.494428,nginx,INFO,ERR_1557,Database connection refused,bad deployment,rollback,217,"db,timeout"
391,2025-11-23T14:07:36.494428,nginx,CRITICAL,ERR_2226,Out of memory error,network issue,increase resources,10,"config,timeout"
392,2025-12-02T21:40:36.494428,user,WARNING,ERR_2341,Service returned 500,schema mismatch,fix code,435,"db,timeout"
393,2025-11-17T22:04:36.494428,payment,ERROR,ERR_4218,Service returned 500,invalid credentials,apply patch,291,"network,config"
394,2025-11-14T00:05:36.494428,search,WARNING,ERR_8604,Out of memory error,timeout,fix code,481,"config,network"
395,2025-11-12T04:11:36.494428,inventory,CRITICAL,ERR_2880,Null pointer dereference,timeout,increase resources,70,"network,timeout"
396,2025-11-08T06:51:36.494428,user,INFO,ERR_3309,Database connection refused,invalid credentials,fix code,451,"db,config"
397,2025-11-17T21:33:36.494428,payment,WARNING,ERR_1366,Out of memory error,invalid credentials,apply patch,67,"network,timeout"
398,2025-11-18T03:09:36.494428,mongo,ERROR,ERR_9324,Permission denied accessing resource,invalid credentials,restart service,42,"timeout,config"
399,2025-11-18T10:17:36.494428,postgres,INFO,ERR_6992,Database connection refused,network issue,fix code,314,"db,config"
400,2025-11-17T20:24:36.494428,nginx,ERROR,ERR_7507,Service returned 500,invalid credentials,restart service,256,"network,config"
401,2025-11-09T14:37:36.494428,scheduler,WARNING,ERR_3683,Permission denied accessing resource,invalid credentials,apply patch,39,"timeout,network"
402,2025-11-20T11:16:36.494428,payment,CRITICAL,ERR_2310,Null pointer dereference,timeout,increase resources,440,"retry,db"
403,2025-11-14T22:16:36.494428,search,CRITICAL,ERR_1363,Permission denied accessing resource,timeout,apply patch,228,"timeout,retry"
404,2025-11-06T03:42:36.494428,mongo,CRITICAL,ERR_1935,Database connection refused,schema mismatch,apply patch,137,"db,timeout"
405,2025-11-10T02:06:36.494428,worker,INFO,ERR_8276,Null pointer dereference,network issue,restart service,369,"retry,network"
406,2025-12-02T23:51:36.494428,redis,CRITICAL,ERR_5889,Unhandled exception in worker,insufficient resources,contact infra,4,"timeout,config"
407,2025-11-19T07:08:36.494428,auth-service,WARNING,ERR_3411,Service returned 500,timeout,fix code,79,"timeout,db"
408,2025-11-30T06:07:36.494428,payment,INFO,ERR_6904,Out of memory error,invalid credentials,rollback,207,"config,retry"
409,2025-11-20T19:16:36.494428,redis,ERROR,ERR_8263,Permission denied accessing resource,timeout,restart service,38,"retry,network"
410,2025-11-13T19:24:36.494428,user,WARNING,ERR_3821,Out of memory error,bad deployment,contact infra,322,"network,db"
411,2025-11-17T04:38:36.494428,scheduler,INFO,ERR_2005,Out of memory error,insufficient resources,apply patch,263,"network,db"
412,2025-11-24T06:32:36.494428,payment,CRITICAL,ERR_2435,Null pointer dereference,bad deployment,contact infra,450,"config,db"
413,2025-11-27T15:07:36.494428,auth-service,INFO,ERR_1551,Null pointer dereference,timeout,restart service,25,"db,config"
414,2025-11-19T17:50:36.494428,order,INFO,ERR_9643,Out of memory error,network issue,apply patch,253,"network,retry"
415,2025-11-11T22:44:36.494428,payment,ERROR,ERR_3735,Null pointer dereference,insufficient resources,restart service,469,"db,config"
416,2025-12-01T20:28:36.494428,mongo,ERROR,ERR_4889,Null pointer dereference,schema mismatch,fix code,171,"db,timeout"
417,2025-11-16T06:57:36.494428,auth-service,ERROR,ERR_4800,Timeout calling downstream service,bad deployment,fix code,103,"db,retry"
418,2025-11-22T18:43:36.495438,api-gateway,CRITICAL,ERR_8624,Null pointer dereference,network issue,rollback,102,"config,timeout"
419,2025-11-17T15:30:36.495438,user,WARNING,ERR_2623,Out of memory error,invalid credentials,contact infra,425,"db,retry"
420,2025-11-08T10:23:36.495438,scheduler,CRITICAL,ERR_8396,Timeout calling downstream service,invalid credentials,restart service,341,"timeout,config"
421,2025-11-23T21:24:36.495438,payment,ERROR,ERR_2386,Permission denied accessing resource,invalid credentials,rollback,409,"db,retry"
422,2025-11-11T13:08:36.495438,worker,WARNING,ERR_7196,Unhandled exception in worker,network issue,restart service,426,"network,db"
423,2025-11-14T16:35:36.495438,order,CRITICAL,ERR_9845,Permission denied accessing resource,invalid credentials,rollback,21,"config,db"
424,2025-11-22T16:20:36.495438,payment,ERROR,ERR_7619,Permission denied accessing resource,schema mismatch,increase resources,345,"network,config"
425,2025-11-12T23:56:36.495438,user,CRITICAL,ERR_7943,Permission denied accessing resource,network issue,fix code,127,"timeout,config"
426,2025-11-14T12:07:36.495438,inventory,CRITICAL,ERR_4717,Service returned 500,timeout,rollback,354,"db,config"
427,2025-11-10T15:02:36.495438,worker,CRITICAL,ERR_4214,Service returned 500,invalid credentials,apply patch,260,"db,network"
428,2025-11-29T05:53:36.495438,nginx,INFO,ERR_1056,Service returned 500,schema mismatch,apply patch,10,"retry,network"
429,2025-11-12T14:01:36.495438,scheduler,ERROR,ERR_5509,Out of memory error,bad deployment,apply patch,343,"db,network"
430,2025-11-11T09:26:36.495438,auth-service,INFO,ERR_2925,Timeout calling downstream service,insufficient resources,apply patch,202,"config,network"
431,2025-11-15T07:19:36.495438,inventory,ERROR,ERR_6828,Service returned 500,network issue,fix code,16,"timeout,config"
432,2025-11-21T07:48:36.495438,auth-service,ERROR,ERR_6427,Service returned 500,schema mismatch,apply patch,442,"db,timeout"
433,2025-11-13T05:07:36.495438,postgres,CRITICAL,ERR_9957,Service returned 500,network issue,increase resources,168,"network,timeout"
434,2025-12-03T02:36:36.495438,user,CRITICAL,ERR_1739,Database connection refused,timeout,contact infra,4,"timeout,retry"
435,2025-11-30T19:40:36.495438,api-gateway,ERROR,ERR_8881,Permission denied accessing resource,schema mismatch,fix code,232,"timeout,db"
436,2025-11-26T18:16:36.495438,auth-service,INFO,ERR_5629,Timeout calling downstream service,insufficient resources,rollback,241,"retry,config"
437,2025-12-01T18:31:36.495438,inventory,ERROR,ERR_3061,Timeout calling downstream service,schema mismatch,contact infra,131,"network,retry"
438,2025-11-20T06:22:36.495438,inventory,CRITICAL,ERR_7389,Timeout calling downstream service,schema mismatch,fix code,10,"db,config"
439,2025-11-20T21:32:36.495438,nginx,WARNING,ERR_6939,Unhandled exception in worker,invalid credentials,apply patch,348,"retry,network"
440,2025-11-10T17:47:36.495438,scheduler,CRITICAL,ERR_7235,Database connection refused,insufficient resources,apply patch,297,"network,db"
441,2025-11-25T09:58:36.495438,scheduler,CRITICAL,ERR_9824,Out of memory error,schema mismatch,apply patch,122,"config,network"
442,2025-11-13T02:29:36.495438,inventory,WARNING,ERR_1329,Unhandled exception in worker,network issue,restart service,311,"timeout,network"
443,2025-11-22T00:27:36.495438,search,ERROR,ERR_6543,Service returned 500,insufficient resources,rollback,417,"db,config"
444,2025-11-14T09:20:36.495438,scheduler,WARNING,ERR_8411,Unhandled exception in worker,bad deployment,restart service,185,"network,config"
445,2025-11-12T02:14:36.495438,inventory,INFO,ERR_9256,Timeout calling downstream service,invalid credentials,fix code,460,"retry,config"
446,2025-12-02T04:00:36.495438,search,ERROR,ERR_2257,Timeout calling downstream service,timeout,restart service,131,"db,timeout"
447,2025-11-07T01:23:36.495438,payment,INFO,ERR_8682,Out of memory error,timeout,restart service,390,"retry,timeout"
448,2025-11-10T05:42:36.495438,redis,INFO,ERR_2872,Unhandled exception in worker,invalid credentials,contact infra,442,"timeout,retry"
449,2025-11-30T22:03:36.495438,nginx,WARNING,ERR_6068,Timeout calling downstream service,insufficient resources,restart service,442,"network,retry"
450,2025-11-30T14:55:36.495438,inventory,INFO,ERR_4736,Null pointer dereference,schema mismatch,fix code,305,"config,timeout"
451,2025-11-13T07:09:36.495438,nginx,ERROR,ERR_7261,Database connection refused,invalid credentials,restart service,150,"retry,network"
452,2025-11-07T23:55:36.495438,redis,ERROR,ERR_1420,Out of memory error,insufficient resources,increase resources,174,"network,db"
453,2025-11-29T12:56:36.495438,auth-service,CRITICAL,ERR_6818,Timeout calling downstream service,timeout,increase resources,199,"config,timeout"
454,2025-11-30T00:19:36.495438,worker,INFO,ERR_1414,Service returned 500,bad deployment,apply patch,339,"timeout,network"
455,2025-11-21T04:12:36.495438,nginx,CRITICAL,ERR_3033,Timeout calling downstream service,insufficient resources,restart service,161,"network,retry"
456,2025-11-13T20:16:36.495438,worker,ERROR,ERR_2895,Timeout calling downstream service,network issue,fix code,173,"config,retry"
457,2025-11-11T19:00:36.495438,user,INFO,ERR_2161,Database connection refused,network issue,contact infra,195,"network,retry"
458,2025-11-24T10:02:36.495438,scheduler,CRITICAL,ERR_5607,Null pointer dereference,invalid credentials,increase resources,310,"db,network"
459,2025-11-15T01:11:36.495438,search,INFO,ERR_7618,Null pointer dereference,insufficient resources,increase resources,399,"retry,db"
460,2025-11-25T16:23:36.495438,redis,INFO,ERR_5241,Out of memory error,network issue,restart service,335,"network,config"
461,2025-11-27T20:15:36.495438,api-gateway,INFO,ERR_4111,Out of memory error,timeout,contact infra,193,"retry,network"
462,2025-11-10T02:09:36.495438,search,CRITICAL,ERR_6305,Permission denied accessing resource,bad deployment,restart service,237,"db,network"
463,2025-11-20T02:08:36.495438,redis,CRITICAL,ERR_1262,Unhandled exception in worker,network issue,rollback,78,"db,config"
464,2025-11-24T05:20:36.495438,payment,ERROR,ERR_1224,Service returned 500,schema mismatch,apply patch,317,"timeout,config"
465,2025-11-22T13:05:36.495438,worker,WARNING,ERR_4824,Permission denied accessing resource,insufficient resources,restart service,194,"timeout,db"
466,2025-11-27T13:58:36.495438,postgres,WARNING,ERR_6637,Timeout calling downstream service,network issue,increase resources,409,"timeout,network"
467,2025-11-29T10:22:36.495438,postgres,INFO,ERR_1050,Unhandled exception in worker,bad deployment,apply patch,240,"db,timeout"
468,2025-11-22T19:23:36.495438,scheduler,ERROR,ERR_3481,Database connection refused,timeout,apply patch,50,"db,retry"
469,2025-11-21T17:30:36.495438,mongo,INFO,ERR_6502,Permission denied accessing resource,network issue,increase resources,497,"config,db"
470,2025-11-29T11:50:36.495438,user,ERROR,ERR_5714,Database connection refused,network issue,apply patch,1,"timeout,db"
471,2025-11-28T18:14:36.495438,payment,WARNING,ERR_1176,Timeout calling downstream service,insufficient resources,increase resources,402,"retry,network"
472,2025-11-06T05:41:36.495438,order,ERROR,ERR_2465,Database connection refused,network issue,fix code,305,"network,config"
473,2025-11-21T13:11:36.495438,redis,CRITICAL,ERR_1057,Null pointer dereference,invalid credentials,rollback,470,"network,retry"
474,2025-11-16T00:11:36.495438,redis,WARNING,ERR_2530,Out of memory error,bad deployment,fix code,383,"timeout,db"
475,2025-11-28T05:24:36.495438,payment,INFO,ERR_2097,Null pointer dereference,insufficient resources,restart service,303,"timeout,db"
476,2025-11-07T13:03:36.495438,redis,CRITICAL,ERR_9035,Null pointer dereference,bad deployment,contact infra,453,"timeout,retry"
477,2025-11-26T12:47:36.495438,redis,INFO,ERR_6883,Permission denied accessing resource,network issue,increase resources,217,"timeout,retry"
478,2025-11-11T03:42:36.495438,api-gateway,WARNING,ERR_1482,Timeout calling downstream service,invalid credentials,increase resources,198,"db,config"
479,2025-11-27T07:11:36.495438,mongo,INFO,ERR_3345,Service returned 500,insufficient resources,rollback,354,"db,network"
480,2025-11-28T04:56:36.495438,api-gateway,CRITICAL,ERR_1281,Timeout calling downstream service,timeout,contact infra,66,"retry,timeout"
481,2025-11-07T16:11:36.495438,inventory,CRITICAL,ERR_6646,Service returned 500,timeout,fix code,328,"retry,timeout"
482,2025-11-30T11:26:36.496356,auth-service,ERROR,ERR_8100,Null pointer dereference,schema mismatch,fix code,30,"timeout,config"
483,2025-11-16T15:40:36.496356,postgres,ERROR,ERR_9278,Permission denied accessing resource,timeout,increase resources,83,"db,network"
484,2025-11-19T16:58:36.496356,scheduler,CRITICAL,ERR_5073,Timeout calling downstream service,network issue,fix code,200,"timeout,config"
485,2025-11-13T19:07:36.496356,redis,INFO,ERR_4028,Timeout calling downstream service,insufficient resources,contact infra,30,"retry,timeout"
486,2025-11-07T03:36:36.496356,scheduler,INFO,ERR_3378,Permission denied accessing resource,timeout,contact infra,251,"timeout,db"
487,2025-11-09T07:46:36.496356,inventory,INFO,ERR_6581,Service returned 500,network issue,fix code,500,"timeout,network"
488,2025-11-08T07:51:36.496356,auth-service,ERROR,ERR_7330,Permission denied accessing resource,invalid credentials,restart service,277,"retry,db"
489,2025-11-24T02:53:36.496356,api-gateway,WARNING,ERR_6750,Unhandled exception in worker,bad deployment,contact infra,363,"network,db"
490,2025-11-06T09:21:36.496356,worker,CRITICAL,ERR_6095,Database connection refused,timeout,apply patch,4,"config,timeout"
491,2025-11-15T10:41:36.496356,worker,INFO,ERR_9106,Permission denied accessing resource,timeout,increase resources,16,"db,network"
492,2025-11-12T14:09:36.496356,worker,WARNING,ERR_2941,Database connection refused,insufficient resources,apply patch,70,"timeout,config"
493,2025-11-29T22:28:36.496356,redis,INFO,ERR_6248,Null pointer dereference,bad deployment,restart service,154,"retry,db"
494,2025-11-25T08:48:36.496356,user,INFO,ERR_5907,Database connection refused,bad deployment,rollback,89,"config,network"
495,2025-11-14T23:10:36.496356,auth-service,ERROR,ERR_1557,Service returned 500,bad deployment,contact infra,68,"network,config"
496,2025-11-19T03:24:36.496356,search,CRITICAL,ERR_9092,Out of memory error,network issue,fix code,128,"retry,config"
497,2025-11-19T05:23:36.496356,payment,WARNING,ERR_2804,Database connection refused,invalid credentials,fix code,82,"retry,db"
498,2025-11-06T15:00:36.496356,payment,CRITICAL,ERR_9968,Service returned 500,timeout,contact infra,317,"config,retry"
499,2025-11-28T02:36:36.496356,auth-service,CRITICAL,ERR_5238,Unhandled exception in worker,invalid credentials,contact infra,395,"db,config"
500,2025-11-12T17:11:36.496356,mongo,INFO,ERR_2643,Out of memory error,insufficient resources,contact infra,160,"timeout,retry"
